Region,BGC,SS_NoSpace,Standard,PreferredAcceptable,Suitability,Species,CC 203/204,FN1,FN2,FN3,FN4,FN5,Flag,Note
Vancouver,CWHds1,CWHds1/05,84031,X,3,Bp,203,13,23,47,,,0,
Vancouver,CWHds1,CWHds1/07,84033,X,3,Bp,203,13,23,47,,,0,
Vancouver,CWHmm2,CWHmm2/05,84064,A,2,Bp,203,23,47,,,,0,
Vancouver,CWHms1,CWHms1/01,84070,X,3,Bp,203,23,47,7,,,0,
Kamloops,ESSFwc2,ESSFwc2/01,82040CC,X,0,Pl,204,,,,,,0,
Kamloops,ICHmw3,ICHmw3/01,82084CC,A,0,Pl,204,51,,,,,0,
Kamloops,IDFdk1,IDFdk1/01,82106CC,,0,Lw,204,,,,,,0,
Kamloops,IDFdk1,IDFdk1/01,82106CC,,0,Py,204,,,,,,0,
Kamloops,IDFdk1,IDFdk1/01,82106CC,,0,Sx,204,,,,,,0,
Kamloops,IDFdk2,IDFdk2/01,82113,A,3,Sx,204,10,13,,,,0,
Kamloops,IDFdk2,IDFdk2/01,82113CC,,0,Sx,204,,,,,,0,
Kamloops,IDFxh1,IDFxh1/01,82156CC,,0,Lw,204,,,,,,0,
Cariboo,SBPSdc,SBPSdc/01,80163CC,A,2,Sx,204,28,,,,,0,
BWBS2012,BWBSwk2,BWBSwk2/101,1043907,X,3,At,203,901,,,,,0,
BWBS2012,BWBSwk2,BWBSwk2/101,1043907CC,A,3,Acb,203,901,900,,,,0,
BWBS2012,BWBSwk2,BWBSwk2/101,1043907CC,A,3,Ep,203,,,,,,0,
BWBS2012,BWBSwk2,BWBSwk2/101,1043907CC,A,3,Fd,203,9,16,32,,,0,
BWBS2012,BWBSwk3,BWBSwk3/101,1043913,X,3,Acb,203,900,,,,,0,
BWBS2012,BWBSwk3,BWBSwk3/101,1043913,X,3,At,203,900,,,,,0,
BWBS2012,BWBSwk3,BWBSwk3/101,1043913CC,X,2,Bl,203,,,,,,0,
BWBS2012,BWBSwk3,BWBSwk3/101,1043913CC,A,3,Fd,203,9,16,32,,,0,
Vancouver,CWHdm,CWHdm/01,84013L,,3,Lw,203,,,,,,0,
Vancouver,CWHdm,CWHdm/03,84015,X,3,Lw,203,23,,,,,0,
Vancouver,CWHdm,CWHdm/04,84016L,,3,Lw,203,,,,,,0,
Vancouver,CWHds1,CWHds1/03,84029,A,2,Py,203,7,18,23,,,0,
Vancouver,CWHds1,CWHds1/04,84030,X,3,Py,203,18,23,,,,0,
Vancouver,CWHds2,CWHds2/01,84038L,,3,Lw,203,,,,,,0,
Vancouver,CWHms2,CWHms2/01,84080L,,3,Lw,203,,,,,,0,
Vancouver,CWHms2,CWHms2/04,84083L,,3,Lw,203,,,,,,0,
Cariboo,ESSFdc2,ESSFdc2/01,80000L,,3,Lw,203,,,,,,0,
Cariboo,ESSFdc2,ESSFdc2/03,80001L,,3,Lw,203,,,,,,0,
Cariboo,ESSFdc2,ESSFdc2/06,80004L,,3,Lw,203,,,,,,0,
Pr Rupert,ESSFmc,ESSFmc/01,85087L,,3,Lw,203,23,,,,,0,
Pr George,ESSFmm1,ESSFmm1/01,81061L,,3,Lw,203,,,,,,0,
Pr George,ESSFmv1,ESSFmv1/01,81068CC,X,3,At,203,,,,,,0,
Pr George,ESSFmv1,ESSFmv1/01,81068CC,A,3,Ep,203,,,,,,0,
Pr George,ESSFmv1,ESSFmv1/01,81068CC,A,3,Fd,203,9,32,,,,0,
Pr George,ESSFmv1,ESSFmv1/01,81068CC,A,3,Lw,203,9,32,,,,0,
Vancouver,ESSFmw,ESSFmw/01,84196L,,3,Lw,203,,,,,,0,
Kamloops,ESSFwc2,ESSFwc2/01,82040CC,A,3,Cw,203,14,203,,,,0,
Kamloops,ESSFwc2,ESSFwc2/01,82040CC,A,3,Fd,203,9,14,32,203,,0,
Kamloops,ESSFwc2,ESSFwc2/01,82040CC,A,3,Hw,203,14,203,,,,0,
Kamloops,ESSFwc2,ESSFwc2/01,82040CC,A,3,Pw,203,9,14,31,203,,0,
Pr George,ESSFwc2,ESSFwc2/01,81091CC,A,2,Cw,203,14,,,,,0,
Pr George,ESSFwc2,ESSFwc2/01,81091CC,A,2,Fd,203,9,14,32,,,0,
Pr George,ESSFwc2,ESSFwc2/01,81091CC,A,3,Hw,203,14,,,,,0,
Pr George,ESSFwc2,ESSFwc2/01,81091CC,A,3,Lw,203,9,14,32,,,0,
Pr George,ESSFwc2,ESSFwc2/01,81091L,,3,Lw,203,,,,,,0,
Pr George,ESSFwc3,ESSFwc3/01,81100CC,X,3,Ac,203,,,,,,0,
Pr George,ESSFwc3,ESSFwc3/01,81100CC,X,3,At,203,,,,,,0,
Pr George,ESSFwc3,ESSFwc3/01,81100CC,A,2,Cw,203,14,32,,,,0,
Pr George,ESSFwc3,ESSFwc3/01,81100CC,A,2,Fd,203,9,14,32,,,0,
Pr George,ESSFwc3,ESSFwc3/01,81100CC,A,3,Hw,203,14,32,,,,0,
Pr George,ESSFwc3,ESSFwc3/01,81100CC,A,3,Lw,203,14,32,,,,0,
Pr George,ESSFwc3,ESSFwc3/01,81100CC,A,2,Pw,203,14,32,31?,,,0,
Cariboo,ESSFwk1,ESSFwk1/01,80015L,,3,Lw,203,,,,,,0,
Pr George,ESSFwk1,ESSFwk1/01,81103L,,3,Lw,203,,,,,,0,
Cariboo,ESSFwk1,ESSFwk1/03,80017L,,3,Lw,203,,,,,,0,
Pr George,ESSFwk1,ESSFwk1/03,81105L,,3,Lw,203,,,,,,0,
Pr Rupert,ESSFwv,ESSFwv/01,85111L,,1,Lw,203,23,,,,,0,
Cariboo,ESSFxc,ESSFxc/01,80022L,,3,Lw,203,,,,,,0,
Cariboo,ESSFxc,ESSFxc/05,80024L,,3,Lw,203,,,,,,0,
Cariboo,ICHdk,ICHdk/01,80047L,,3,Lw,203,,,,,,0,
Cariboo,ICHdk,ICHdk/04,80050L,,3,Lw,203,,,,,,0,
Pr Rupert,ICHmc1,ICHmc1/01,85120L,,3,Lw,203,23,,,,,0,
Pr Rupert,ICHmc1,ICHmc1/03,85122L,,3,Lw,203,23,,,,,0,
Pr Rupert,ICHmc2,ICHmc2/01a,85129CCa,P,2,Fd,203,9,32,,,,0,
Pr Rupert,ICHmc2,ICHmc2/01a,85129CCa,P,2,Lw,203,9,32,,,,0,
Pr Rupert,ICHmc2,ICHmc2/03,85131CC,P,2,Fd,203,9,32,,,,0,
Pr Rupert,ICHmc2,ICHmc2/03,85131CC,P,2,Lw,203,9,32,,,,0,
Pr Rupert,ICHmc2,ICHmc2/04,85132CC,P,2,Fd,203,9,32,,,,0,
Pr Rupert,ICHmc2,ICHmc2/04,85132CC,P,2,Lw,203,9,32,,,,0,
Cariboo,ICHmk3,ICHmk3/01,80056L,,3,Lw,203,,,,,,0,
Cariboo,ICHmk3,ICHmk3/03,80058L,,3,Lw,203,,,,,,0,
Cariboo,ICHmk3,ICHmk3/04,80059L,,3,Lw,203,,,,,,0,
Pr George,ICHmm,ICHmm/01,81116L,,3,Lw,203,,,,,,0,
Cariboo,ICHmw3,ICHmw3/01,80063L,,3,Lw,203,,,,,,0,
Kamloops,ICHmw3,ICHmw3/01,82084CC,P,2,Cw,203,,,,,,0,
Kamloops,ICHmw3,ICHmw3/01,82084CC,A,2,Hw,203,,,,,,0,
Cariboo,ICHmw3,ICHmw3/01-YC,80064L,,3,Lw,203,,,,,,0,
Cariboo,ICHmw3,ICHmw3/03,80066L,,3,Lw,203,,,,,,0,
Cariboo,ICHmw3,ICHmw3/04,80067L,,3,Lw,203,,,,,,0,
Cariboo,ICHmw3,ICHmw3/05,80068L,,3,Lw,203,,,,,,0,
Cariboo,ICHmw3,ICHmw3/06,80069L,,3,Lw,203,,,,,,0,
Pr George,ICHvk2,ICHvk2/01,81124CC,A,3,Lw,203,32,,,,,0,
Pr George,ICHvk2,ICHvk2/01,81124CC,A,2,Pw,203,31,32,,,,0,
Cariboo,ICHwk2,ICHwk2/01,80072L,,3,Lw,203,,,,,,0,
Cariboo,ICHwk2,ICHwk2/04,80075L,,3,Lw,203,,,,,,0,
Cariboo,ICHwk2,ICHwk2/05,80076L,,3,Lw,203,,,,,,0,
Pr George,ICHwk3,ICHwk3/01,81138CC,,3,Lw,203,32,,,,,0,
Pr George,ICHwk3,ICHwk3/01,81138CC,,2,Pw,203,31,32,,,,0,
Pr George,ICHwk4,ICHwk4/01,81147CC,A,3,Lw,203,32,,,,,0,
Pr George,ICHwk4,ICHwk4/01,81147CC,A,2,Pw,203,31,32,,,,0,
Cariboo,IDFdk1,IDFdk1/01,80088L,,3,Lw,203,,,,,,0,
Cariboo,IDFdk1,IDFdk1/05,80092L,,3,Lw,203,,,,,,0,
Cariboo,IDFdk3,IDFdk3/01,80094L,,3,Lw,203,,,,,,0,
Cariboo,IDFdk3,IDFdk3/06,80099L,,3,Lw,203,,,,,,0,
Cariboo,IDFdk3,IDFdk3/07,80100L,,3,Lw,203,,,,,,0,
Cariboo,IDFdk4,IDFdk4/01,80103L,,3,Lw,203,,,,,,0,
Cariboo,IDFdk4,IDFdk4/07,80109L,,3,Lw,203,,,,,,0,
Cariboo,IDFmw2,IDFmw2/01,80113L,,3,Lw,203,,,,,,0,
Cariboo,IDFmw2,IDFmw2/01-YC,80114L,,3,Lw,203,,,,,,0,
Cariboo,IDFmw2,IDFmw2/01-YS,80115L,,3,Lw,203,,,,,,0,
Cariboo,IDFmw2,IDFmw2/03,80117L,,3,Lw,203,,,,,,0,
Cariboo,IDFmw2,IDFmw2/04,80118L,,3,Lw,203,,,,,,0,
Pr Rupert,MHmm1,MHmm1/01,85159CC,A,2,Cw,203,14,,,,,0,
Pr Rupert,MHmm1,MHmm1/01,85159CC,X,3,Ss,203,23,,,,,0,
Vancouver,MHmm1,MHmm1/01,84211CC,A,2,Cw,203,14,,,,,0,
Vancouver,MHmm1,MHmm1/01,84211CC,A,3,Fd,203,9,14,23,,,0,
Pr Rupert,MHmm2,MHmm2/01,85168CC,A,3,Cw,203,14,,,,,0,
Vancouver,MHmm2,MHmm2/01,84220CC,A,2,Cw,203,14,,,,,0,
Vancouver,MHmm2,MHmm2/01,84220CC,A,3,Fd,203,14,23,,,,0,
Kamloops,MSxk,MSxk/01,82198CC,A,3,Lw,203,14,23,32,,,0,
Cariboo,MSxv,MSxv/01,80154L,,3,Lw,203,,,,,,0,
Cariboo,MSxv,MSxv/05,80158L,,3,Lw,203,,,,,,0,
Cariboo,SBPSdc,SBPSdc/01,80163CC,A,3,Fd,203,203,,,,,0,
Cariboo,SBPSdc,SBPSdc/01,80163L,,3,Lw,203,,,,,,0,
Cariboo,SBPSdc,SBPSdc/05,80167L,,3,Lw,203,,,,,,0,
Pr George,SBPSmc,SBPSmc/01,81155CC,A,2,Fd,203,32,,,,,0,
Pr George,SBPSmc,SBPSmc/01,81155CC,A,2,Lw,203,32,,,,,0,
Pr George,SBPSmc,SBPSmc/01,81155CC,A,3,Py,203,,,,,,0,
Cariboo,SBPSmk,SBPSmk/01,80178L,,3,Lw,203,,,,,,0,
Cariboo,SBPSmk,SBPSmk/05,80182L,,3,Lw,203,,,,,,0,
Cariboo,SBPSmk,SBPSmk/06,80183L,,3,Lw,203,,,,,,0,
Cariboo,SBPSxc,SBPSxc/01,80186,A,3,Fd,203,203,,,,,0,
Pr George,SBSdh,SBSdh/01,81162L,,1,Lw,203,,,,,,0,
Pr George,SBSdk,SBSdk/01,81170L,,2,Lw,203,,,,,,0,
Pr Rupert,SBSdk,SBSdk/01,85193CC,P,2,Lw,203,32,,,,,0,
Pr Rupert,SBSdk,SBSdk/03,85195CC,A,2,Fd,203,9,32,,,,0,
Pr Rupert,SBSdk,SBSdk/03,85195CC,A,2,Lw,203,9,32,,,,0,
Pr Rupert,SBSdk,SBSdk/04,85196CC,P,2,Lw,203,32,,,,,0,
Pr Rupert,SBSdk,SBSdk/05,85197CC,A,2,Lw,203,32,,,,,0,
Pr George,SBSdk,SBSdk/06,81175L,,2,Lw,203,,,,,,0,
Pr Rupert,SBSdk,SBSdk/06,85198CC,P,2,Lw,203,32,,,,,0,
Pr Rupert,SBSdk,SBSdk/07,,,1,Fd,203,9,18,32,,,0,
Cariboo,SBSdw1,SBSdw1/01,80194L,,3,Lw,203,,,,,,0,
Pr George,SBSdw1,SBSdw1/01,81180L,,3,Lw,203,,,,,,0,
Cariboo,SBSdw1,SBSdw1/05,80198L,,3,Lw,203,,,,,,0,
Pr George,SBSdw1,SBSdw1/05,81184L,,3,Lw,203,,,,,,0,
Cariboo,SBSdw1,SBSdw1/06,80199L,,3,Lw,203,,,,,,0,
Pr George,SBSdw1,SBSdw1/06,81185,,3,Lw,203,203,,,,,0,
Cariboo,SBSdw2,SBSdw2/01,80203L,,3,Lw,203,,,,,,0,
Pr George,SBSdw2,SBSdw2/01,81189L,,3,Lw,203,,,,,,0,
Cariboo,SBSdw2,SBSdw2/06,80208L,,3,Lw,203,,,,,,0,
Pr George,SBSdw2,SBSdw2/06,81194L,,3,Lw,203,,,,,,0,
Cariboo,SBSdw2,SBSdw2/08,80210L,,3,Lw,203,,,,,,0,
Pr George,SBSdw2,SBSdw2/08,81196L,,3,Lw,203,,,,,,0,
Pr George,SBSdw3,SBSdw3/01,81200CC,A,3,Bl,203,,,,,,0,
Pr George,SBSdw3,SBSdw3/01,81200CC,A,2,Lw,203,32,,,,,0,
Pr George,SBSdw3,SBSdw3/01,81200CC,A,3,Pw,203,31,32,,,,0,
Pr George,SBSdw3,SBSdw3/01,81200CC,A,3,Py,203,,,,,,0,
Pr George,SBSdw3,SBSdw3/04,81203L,,3,Lw,203,,,,,,0,
Pr George,SBSdw3,SBSdw3/06,81205L,,3,Lw,203,,,,,,0,
Pr George,SBSdw3,SBSdw3/07,81206L,,3,Lw,203,,,,,,0,
Cariboo,SBSmc2,SBSmc2/01,80222L,,3,Lw,203,,,,,,0,
Pr George,SBSmc2,SBSmc2/01,81210L,,3,Lw,203,,,,,,0,
Pr Rupert,SBSmc2,SBSmc2/01,85203L,,3,Lw,203,,,,,,0,
Cariboo,SBSmc2,SBSmc2/04,80225L,,3,Lw,203,,,,,,0,
Pr George,SBSmc2,SBSmc2/04,81213L,,3,Lw,203,,,,,,0,
Pr Rupert,SBSmc2,SBSmc2/05,85206L,,,Lw,203,,,,,,0,
Cariboo,SBSmc2,SBSmc2/06,80227L,,3,Lw,203,,,,,,0,
Pr George,SBSmc2,SBSmc2/06,81215L,,3,Lw,203,,,,,,0,
Pr Rupert,SBSmc2,SBSmc2/06,85207L,,,Lw,203,,,,,,0,
Pr George,SBSmc3,SBSmc3/01,81222CC,A,3,Fd,203,32,,,,,0,
Pr George,SBSmc3,SBSmc3/01,81222CC,A,3,Lw,203,32,,,,,0,
Cariboo,SBSmh,SBSmh/01,80234L,,3,Lw,203,,,,,,0,
Pr George,SBSmh,SBSmh/01,81231L,,3,Lw,203,,,,,,0,
Cariboo,SBSmh,SBSmh/05,80238L,,3,Lw,203,,,,,,0,
Pr George,SBSmh,SBSmh/05,81235L,,3,Lw,203,,,,,,0,
Cariboo,SBSmh,SBSmh/06,80239L,,3,Lw,203,,,,,,0,
Pr George,SBSmh,SBSmh/06,81236L,,3,Lw,203,,,,,,0,
Pr George,SBSmk1,SBSmk1/01,81240L,,3,Lw,203,,,,,,0,
Pr George,SBSmk1,SBSmk1/05,81244L,,3,Lw,203,,,,,,0,
Pr George,SBSmk1,SBSmk1/07,81246L,,3,Lw,203,,,,,,0,
Cariboo,SBSmm,SBSmm/01,80243L,,3,Lw,203,,,,,,0,
Cariboo,SBSmm,SBSmm/05,80247L,,3,Lw,203,,,,,,0,
Cariboo,SBSmm,SBSmm/06,80248L,,3,Lw,203,,,,,,0,
Cariboo,SBSmw,SBSmw/01,80251L,,3,Lw,203,,,,,,0,
Pr George,SBSmw,SBSmw/01,81256L,,3,Lw,203,,,,,,0,
Cariboo,SBSmw,SBSmw/04,80254L,,3,Lw,203,,,,,,0,
Pr George,SBSmw,SBSmw/04,81259L,,3,Lw,203,,,,,,0,
Cariboo,SBSmw,SBSmw/06,80256L,,3,Lw,203,,,,,,0,
Pr George,SBSmw,SBSmw/06,81261L,,3,Lw,203,,,,,,0,
Pr George,SBSwk3,SBSwk3/01,81294L,,3,Lw,203,,,,,,0,
Pr Rupert,SBSwk3,SBSwk3/01,85213L,,3,Lw,203,,,,,,0,
Pr George,SBSwk3,SBSwk3/04,81297L,,3,Lw,203,,,,,,0,
Pr Rupert,SBSwk3,SBSwk3/04,85216L,,3,Lw,203,,,,,,0,
Pr George,SBSwk3,SBSwk3/06,81299L,,3,Lw,203,,,,,,0,
Pr Rupert,SBSwk3,SBSwk3/06,85218L,,3,Lw,203,,,,,,0,
Kamloops,BGxh1,BGxh1/07,999,P,1,Pl,203,1,23,,,,0,
Vancouver,CWHdm,CWHdm/04,84016,X,3,Lw,203,23,,,,,0,
Vancouver,CWHmm2,CWHmm2/01,84060,X,3,Sx,203,23,,,,,0,
Vancouver,CWHmm2,CWHmm2/03,84062,A,2,Sx,203,23,,,,,0,
Vancouver,CWHmm2,CWHmm2/04,84063,A,2,Sx,203,23,,,,,0,
Vancouver,CWHmm2,CWHmm2/05,84064,X,3,Sx,203,23,,,,,0,
Vancouver,CWHms1,CWHms1/04,84073,X,3,Bp,203,23,47,,,,0,
Vancouver,CWHms1,CWHms1/06,84075,X,3,Bp,203,23,47,,,,0,
Vancouver,CWHvm1,CWHvm1/07,84131,P,1,Fd,203,1,9,23,,,0,
Vancouver,CWHvm2,CWHvm2/01,84138,P,1,Fd,203,1,9,23,,,0,
Vancouver,CWHvm2,CWHvm2/05,84142,A,1,Fd,203,1,9,23,,,0,
Vancouver,CWHvm2,CWHvm2/06,84143,X,1,Fd,203,1,9,23,,,0,
Vancouver,CWHvm2,CWHvm2/07,84144,X,1,Fd,203,1,9,23,,,0,
LMH71_Nelson,ESSFdk1,ESSFdk1/101,1062159,A,3,Fd,203,14,203,,,,0,
LMH71_Nelson,ESSFdk1,ESSFdk1/101,1062159,A,3,Lw,203,14,203,,,,0,
Kamloops,ESSFvc,ESSFvc/02,82028,X,3,Pl,203,23,34,,,,0,
Nelson,ESSFvc,ESSFvc/02,83013,X,3,Pl,203,23,34,,,,0,
Nelson,ESSFwc2,ESSFwc2/01,83021,X,3,Pl,203,23,34,,,,0,
Pr George,ESSFwc2,ESSFwc2/01,81091,A,3,Pl,203,23,34,,,,0,
Pr George,ESSFwc2,ESSFwc2/01,81091CC,A,3,Pl,203,23,34,,,,0,
Nelson,ESSFwc2,ESSFwc2/03,83023,X,2,Pl,203,23,34,,,,0,
Pr George,ESSFwc2,ESSFwc2/03,81093,A,3,Pl,203,23,34,,,,0,
Nelson,ESSFwc2,ESSFwc2/04,83024,X,2,Pl,203,23,34,,,,0,
Pr George,ESSFwc2,ESSFwc2/04,81094,A,3,Pl,203,23,34,,,,0,
Kamloops,ESSFwc2,ESSFwc2/05,82044,A,3,Pl,203,23,34,,,,0,
Nelson,ESSFwc2,ESSFwc2/05,83025,X,3,Pl,203,23,34,,,,0,
Kamloops,ESSFwc2,ESSFwc2/06,82045,A,3,Pl,203,23,34,,,,0,
Nelson,ESSFwc2,ESSFwc2/06,83026,X,3,Pl,203,23,34,,,,0,
Pr George,ESSFwc2,ESSFwc2/06,81096,A,3,Pl,203,23,34,,,,0,
Kamloops,ESSFwc2,ESSFwc2/07,82046,A,3,Pl,203,23,34,,,,0,
Nelson,ESSFwc2,ESSFwc2/07,83027,X,3,Pl,203,23,34,,,,0,
Pr George,ESSFwc2,ESSFwc2/07,81097,A,3,Pl,203,23,34,,,,0,
Kamloops,ESSFwc2,ESSFwc2/08,82047,A,3,Pl,203,23,34,,,,0,
Nelson,ESSFwc2,ESSFwc2/08,83028,X,3,Pl,203,23,34,,,,0,
Pr George,ESSFwc2,ESSFwc2/08,81098,A,3,Pl,203,23,24,,,,0,
LMH702016,ICHdw1,ICHdw1/104,1050300,P,2,Py,203,9,203,,,,0,
LMH702016,ICHdw4,ICHdw4/104,1050308,A,3,Py,203,9,203,,,,0,
Pr Rupert,ICHmc1a,ICHmc1a/01,85126,X,3,Cw,203,23,32,,,,0,
Pr Rupert,ICHmc1a,ICHmc1a/02,85127,X,3,Cw,203,23,32,,,,0,
Pr Rupert,ICHmc1a,ICHmc1a/03,85128,X,3,Cw,203,23,32,,,,0,
Kamloops,ICHmk2,ICHmk2/01,82070,X,3,Lw,203,9,14,23,32,,0,
Kamloops,ICHmk2,ICHmk2/04,82073,X,3,Lw,203,9,14,23,32,,0,
Nelson,ICHmw1,ICHmw1/01,83053,X,3,Lw,203,23,,,,,0,
Nelson,ICHmw1,ICHmw1/01,83053CC,A,2,Lw,203,23,,,,,0,
Nelson,ICHmw1,ICHmw1/02,83054,X,3,Lw,203,23,,,,,0,
Nelson,ICHmw1,ICHmw1/03,83055,X,3,Lw,203,23,,,,,0,
Nelson,ICHmw1,ICHmw1/03,83055CC,A,2,Lw,203,23,,,,,0,
Nelson,ICHmw1,ICHmw1/04,83056,X,3,Lw,203,23,,,,,0,
Nelson,ICHmw1,ICHmw1/04,83056CC,A,2,Lw,203,23,,,,,0,
Nelson,ICHmw1,ICHmw1/06,83058,X,3,Lw,203,9,14,23,,,0,
LMH702016,ICHmw2,ICHmw2/102,1050313,A,3,Py,203,9,14,203,,,0,
LMH702016,ICHmw2,ICHmw2/103,1050314,A,3,Py,203,9,14,203,,,0,
LMH702016,ICHmw2,ICHmw2/104,1050315,A,3,Py,203,9,14,203,,,0,
Kamloops,ICHmw3,ICHmw3/01,82084,X,3,Lw,203,23,32,,,,0,
Nelson,ICHmw3,ICHmw3/01,83067,X,3,Lw,203,23,,,,,0,
Kamloops,ICHmw3,ICHmw3/01-YC,82085,X,3,Lw,203,23,32,,,,0,
Nelson,ICHmw3,ICHmw3/01-YC,83068,X,3,Lw,203,23,,,,,0,
Kamloops,ICHmw3,ICHmw3/02,82086,X,2,Py,203,9,14,23,32,,0,
Nelson,ICHmw3,ICHmw3/02,83069,A,2,Py,203,9,14,23,,,0,
Kamloops,ICHmw3,ICHmw3/03,82087,X,3,Lw,203,23,32,,,,0,
Nelson,ICHmw3,ICHmw3/03,83070,X,3,Lw,203,23,32,,,,0,
Kamloops,ICHmw3,ICHmw3/04,82088,X,3,Lw,203,23,32,,,,0,
Nelson,ICHmw3,ICHmw3/04,83071,X,3,Lw,203,23,,,,,0,
Kamloops,ICHmw3,ICHmw3/05,82089,X,3,Lw,203,23,32,,,,0,
Nelson,ICHmw3,ICHmw3/05,83072,P,2,Lw,203,23,,,,,0,
Nelson,ICHmw3,ICHmw3/05,83072,P,3,Lw,203,23,,,,,0,
Kamloops,ICHmw3,ICHmw3/06,82090,X,3,Lw,203,23,,,,,0,
Nelson,ICHmw3,ICHmw3/06,83073,X,3,Lw,203,23,,,,,0,
Kamloops,ICHmw3,ICHmw3/07,82091,X,3,Lw,203,1,23,32,,,0,
Nelson,ICHmw3,ICHmw3/07,83074,X,3,Lw,203,1,23,32,,,0,
LMH702016,ICHmw4,ICHmw4/102,1050334,A,3,Py,203,9,14,203,,,0,
LMH702016,ICHmw4,ICHmw4/103,1050335,A,3,Py,203,9,14,203,,,0,
LMH702016,ICHmw4,ICHmw4/104,1050336,X,3,Py,203,9,14,23,,,0,
Kamloops,ICHvk1,ICHvk1/02,82094,X,3,Lw,203,9,14,23,,,0,
Kamloops,ICHvk1,ICHvk1/02,82094,X,3,Pl,203,23,34,51,,,0,
Kamloops,ICHvk1,ICHvk1/03,82095,X,3,Lw,203,9,14,23,,,0,
Nelson,ICHvk1,ICHvk1/03,83077,X,3,Lw,203,9,14,23,,,0,
Nelson,ICHvk1,ICHvk1/03,83077,X,3,Pl,203,23,34,,,,0,
Kamloops,ICHvk1,ICHvk1/04,82096,X,3,Lw,203,9,14,23,,,0,
Nelson,ICHvk1,ICHvk1/04,83078,X,3,Lw,203,9,14,23,,,0,
Kamloops,ICHvk1,ICHvk1/06,82098,X,3,Pl,203,23,34,51,,,0,
Nelson,ICHvk1,ICHvk1/06,83080,X,3,Pl,203,23,34,,,,0,
Kamloops,ICHwk1,ICHwk1/01,82099,X,3,Lw,203,9,14,23,32,,0,
Kamloops,ICHwk1,ICHwk1/01,82099,X,3,Pl,203,23,34,51,,,0,
Nelson,ICHwk1,ICHwk1/01,83081,X,3,Lw,203,9,14,23,32,,0,
Nelson,ICHwk1,ICHwk1/01,83081,X,3,Pl,203,23,34,,,,0,
Pr George,ICHwk1,ICHwk1/01,81131,X,2,Lw,203,9,14,23,32,,0,
Pr George,ICHwk1,ICHwk1/01,81131,X,3,Pl,203,23,34,,,,0,
Kamloops,ICHwk1,ICHwk1/03,82101,X,3,Lw,203,9,14,23,32,,0,
Kamloops,ICHwk1,ICHwk1/03,82101,X,2,Pl,203,23,34,51,,,0,
Kamloops,ICHwk1,ICHwk1/04,82102,X,3,Lw,203,9,14,23,32,,0,
Kamloops,ICHwk1,ICHwk1/04,82102,X,3,Pl,203,23,34,51,,,0,
Nelson,ICHwk1,ICHwk1/04,83082,X,3,Lw,203,9,14,23,,,0,
Nelson,ICHwk1,ICHwk1/04,83082,X,3,Pl,203,23,34,,,,0,
Pr George,ICHwk1,ICHwk1/04,81133,X,2,Lw,203,9,14,23,32,,0,
Pr George,ICHwk1,ICHwk1/04,81133,X,3,Pl,203,23,34,,,,0,
Kamloops,ICHwk1,ICHwk1/05,82103,X,2,Lw,203,1,9,14,23,32,0,
Kamloops,ICHwk1,ICHwk1/05,82103,X,3,Pl,203,23,34,51,,,0,
Nelson,ICHwk1,ICHwk1/05,83083,X,3,Lw,203,1,14,23,32,,0,
Nelson,ICHwk1,ICHwk1/05,83083,X,3,Pl,203,23,34,,,,0,
Pr George,ICHwk1,ICHwk1/05,81134,X,2,Lw,203,1,9,14,23,32,0,
Pr George,ICHwk1,ICHwk1/05,81134,X,3,Pl,203,23,34,,,,0,
Kamloops,ICHwk1,ICHwk1/06,82104,X,3,Pl,203,1,23,34,51,,0,
Nelson,ICHwk1,ICHwk1/06,83084,X,3,Pl,203,1,23,34,,,0,
Pr George,ICHwk1,ICHwk1/06,81135,X,3,Pl,203,1,23,34,,,0,
Kamloops,ICHwk1,ICHwk1/07,82105,X,3,Pl,203,23,34,51,,,0,
Nelson,ICHwk1,ICHwk1/08,83086,X,3,Pl,203,23,34,,,,0,
Pr George,ICHwk1,ICHwk1/08,81137,X,3,Pl,203,23,34,,,,0,
Kamloops,IDFdk1,IDFdk1/01,82106,X,3,Lw,203,9,14,23,32,,0,
Kamloops,IDFdk1,IDFdk1/03,82108,A,2,Py,203,9,14,23,,,0,
Kamloops,IDFdk1,IDFdk1/05,82110,X,3,Lw,203,9,14,23,32,,0,
Kamloops,IDFdk2,IDFdk2/01,82113,X,3,Lw,203,23,32,,,,0,
Kamloops,IDFdk2,IDFdk2/01,82113CC,A,3,Lw,203,23,32,,,,0,
Kamloops,IDFdk2,IDFdk2/04,82116,X,3,Lw,203,23,32,,,,0,
Kamloops,IDFdk2,IDFdk2/05,82117,X,3,Lw,203,23,32,,,,0,
LMH71_Nelson,IDFdk5,IDFdk5/101,1062270,P,3,Lw,203,16,32,203,,,0,
LMH71_Nelson,IDFdk5,IDFdk5/102,1062271,P,3,Py,203,203,,,,,0,
LMH71_Nelson,IDFdk5,IDFdk5/103,1062367,P,3,Py,203,203,,,,,0,
LMH71_Nelson,IDFdk5,IDFdk5/104,1062368,P,3,Lw,203,16,203,,,,0,
LMH71_Nelson,IDFdk5,IDFdk5/104,1062368,P,3,Py,203,9,203,,,,0,
LMH71_Nelson,IDFdk5,IDFdk5/110,1062274,P,3,Lw,203,16,32,203,,,0,
IDFdm2,IDFdm2,IDFdm2/101,1062276,P,3,Py,203,14,203,,,,,
Kamloops,IDFmw2,IDFmw2/01,82142,X,3,Lw,203,23,32,,,,0,
Kamloops,IDFmw2,IDFmw2/01,82142,X,3,Py,203,9,14,16,23,,0,
Kamloops,IDFmw2,IDFmw2/01-YC,82143,X,3,Lw,203,23,32,,,,0,
Kamloops,IDFmw2,IDFmw2/01-YS,82144,X,3,Lw,203,23,32,,,,0,
Kamloops,IDFmw2,IDFmw2/02,82145,A,2,Py,203,9,14,16,23,,0,
Kamloops,IDFmw2,IDFmw2/03,82146,X,3,Lw,203,23,32,,,,0,
Kamloops,IDFmw2,IDFmw2/04,82147,X,3,Lw,203,23,32,,,,0,
Kamloops,IDFww,IDFww/01,82149,X,3,Lw,203,16,23,,,,0,
Vancouver,IDFww,IDFww/01,84204,X,3,Lw,203,16,23,,,,0,
Kamloops,IDFww,IDFww/02,82150,X,3,Lw,203,23,,,,,0,
Kamloops,IDFww,IDFww/03,82151,X,3,Lw,203,23,,,,,0,
Kamloops,IDFww,IDFww/04,82152,X,3,Lw,203,16,23,,,,0,
Vancouver,IDFww,IDFww/04,84207,X,3,Lw,203,16,23,,,,0,
Kamloops,IDFxh2,IDFxh2/08,82172,A,2,Pl,203,1,23,,,,0,
LMH71_Nelson,IDFxk,IDFxk/101,1062379,P,3,Py,203,203,,,,,0,
LMH71_Nelson,IDFxk,IDFxk/103,1062381,P,3,Py,203,203,,,,,0,
LMH71_Nelson,IDFxk,IDFxk/110,1062382,A,3,Py,203,203,,,,,0,
Vancouver,MHmm1,MHmm1/01,84211,X,3,Bp,203,23,13,47,,,0,
Vancouver,MHmm1,MHmm1/01,84211,A,3,Sx,203,23,,,,,0,
Vancouver,MHmm1,MHmm1/01,84211CC,A,3,Bp,203,23,13,47,,,0,
Vancouver,MHmm1,MHmm1/01,84211CC,A,3,Sx,203,23,,,,,0,
Vancouver,MHmm1,MHmm1/02,84212,A,2,Sx,203,23,,,,,0,
Vancouver,MHmm1,MHmm1/03,84213,X,3,Bp,203,23,47,,,,0,
Vancouver,MHmm1,MHmm1/03,84213,X,3,Sx,203,23,,,,,0,
Vancouver,MHmm2,MHmm2/01,84220,X,3,Bp,203,23,47,,,,0,
Vancouver,MHmm2,MHmm2/01,84220CC,X,3,Bp,203,13,23,47,,,0,
Vancouver,MHmm2,MHmm2/03,84222,X,3,Bp,203,23,47,,,,0,
Vancouver,MHmm2,MHmm2/05,84224,X,3,Bp,203,23,47,,,,0,
LMH71_Nelson,MSdk,MSdk/101,1062251,P,2,Lw,203,16,32,203,,,0,
LMH71_Nelson,MSdk,MSdk/103,1062253,P,3,Py,203,14,203,,,,0,
LMH71_Nelson,MSdk,MSdk/105,1062256,P,2,Lw,203,16,203,,,,0,
Kamloops,MSdm2,MSdm2/01,82192,X,3,Lw,203,14,23,32,,,0,
Kamloops,MSdm2,MSdm2/01,82192CC,A,3,Lw,203,23,32,,,,0,
Kamloops,MSdm2,MSdm2/04,82194,X,3,Lw,203,14,23,32,,,0,
Kamloops,MSdm2,MSdm2/05,82195,X,3,Lw,203,14,23,32,,,0,
Kamloops,MSdm2,MSdm2/06,82196,X,3,Lw,203,14,23,32,,,0,
LMH71_Nelson,MSdw,MSdw/102,1062365,P,3,Py,203,9,14,203,,,0,
LMH71_Nelson,MSdw,MSdw/103,1062263,P,3,Py,203,14,203,,,,0,
Kamloops,MSxk,MSxk/06,82201,X,3,Lw,203,9,14,23,,,0,
Nelson,PPdh2,PPdh2/01,83128,X,3,Lw,203,10,23,32,,,0,
Nelson,PPdh2,PPdh2/01,83128,A,3,Pl,203,23,,,,,0,
Nelson,PPdh2,PPdh2/03,83129,X,3,Lw,203,23,32,,,,0,
Nelson,PPdh2,PPdh2/03,83129,A,3,Pl,203,23,,,,,0,
Kamloops,PPxh1,PPxh1/08,82211,X,3,Pl,203,1,12,23,,,0,
Kamloops,PPxh2,PPxh2/07,82217,P,1,Pl,203,1,23,,,,0,
Pr George,SBSdh,SBSdh/03,81164,P,1,Lw,203,23,,,,,0,
Kamloops,SBSmm,SBSmm/01,82218,X,3,Lw,203,14,23,32,,,0,
Kamloops,SBSmm,SBSmm/05,82222,X,3,Lw,203,14,23,32,,,0,
Kamloops,SBSmm,SBSmm/06,82223,X,3,Lw,203,14,23,32,,,0,
